traffic,day,lane,Time
16,5,1,0
10,5,1,5
11,5,1,10
11,5,1,15
6,5,1,20
13,5,1,25
7,5,1,30
2,5,1,35
6,5,1,40
7,5,1,45
4,5,1,50
7,5,1,55
12,5,1,100
5,5,1,105
10,5,1,110
10,5,1,115
1,5,1,120
6,5,1,125
6,5,1,130
5,5,1,135
3,5,1,140
3,5,1,145
7,5,1,150
5,5,1,155
2,5,1,200
1,5,1,205
1,5,1,210
4,5,1,215
7,5,1,220
4,5,1,225
5,5,1,230
4,5,1,235
4,5,1,240
6,5,1,245
1,5,1,250
5,5,1,255
6,5,1,300
3,5,1,305
3,5,1,310
5,5,1,315
4,5,1,320
2,5,1,325
8,5,1,330
8,5,1,335
5,5,1,340
7,5,1,345
10,5,1,350
5,5,1,355
10,5,1,400
8,5,1,405
14,5,1,410
6,5,1,415
18,5,1,420
18,5,1,425
15,5,1,430
26,5,1,435
33,5,1,440
27,5,1,445
37,5,1,450
42,5,1,455
42,5,1,500
48,5,1,505
46,5,1,510
61,5,1,515
57,5,1,520
58,5,1,525
66,5,1,530
67,5,1,535
105,5,1,540
89,5,1,545
93,5,1,550
89,5,1,555
102,5,1,600
107,5,1,605
113,5,1,610
132,5,1,615
142,5,1,620
133,5,1,625
149,5,1,630
145,5,1,635
152,5,1,640
161,5,1,645
148,5,1,650
134,5,1,655
181,5,1,700
127,5,1,705
145,5,1,710
120,5,1,715
122,5,1,720
119,5,1,725
101,5,1,730
81,5,1,735
93,5,1,740
84,5,1,745
66,5,1,750
78,5,1,755
90,5,1,800
89,5,1,805
99,5,1,810
96,5,1,815
94,5,1,820
80,5,1,825
73,5,1,830
79,5,1,835
94,5,1,840
94,5,1,845
80,5,1,850
77,5,1,855
95,5,1,900
103,5,1,905
93,5,1,910
100,5,1,915
93,5,1,920
104,5,1,925
102,5,1,930
105,5,1,935
107,5,1,940
135,5,1,945
97,5,1,950
105,5,1,955
115,5,1,1000
100,5,1,1005
111,5,1,1010
123,5,1,1015
104,5,1,1020
94,5,1,1025
95,5,1,1030
110,5,1,1035
113,5,1,1040
124,5,1,1045
115,5,1,1050
120,5,1,1055
120,5,1,1100
95,5,1,1105
109,5,1,1110
110,5,1,1115
117,5,1,1120
114,5,1,1125
109,5,1,1130
110,5,1,1135
104,5,1,1140
119,5,1,1145
105,5,1,1150
105,5,1,1155
116,5,1,1200
97,5,1,1205
98,5,1,1210
91,5,1,1215
104,5,1,1220
113,5,1,1225
101,5,1,1230
120,5,1,1235
115,5,1,1240
125,5,1,1245
114,5,1,1250
98,5,1,1255
115,5,1,1300
120,5,1,1305
109,5,1,1310
112,5,1,1315
111,5,1,1320
112,5,1,1325
100,5,1,1330
96,5,1,1335
109,5,1,1340
115,5,1,1345
117,5,1,1350
98,5,1,1355
113,5,1,1400
92,5,1,1405
107,5,1,1410
97,5,1,1415
104,5,1,1420
91,5,1,1425
109,5,1,1430
91,5,1,1435
105,5,1,1440
100,5,1,1445
104,5,1,1450
106,5,1,1455
89,5,1,1500
89,5,1,1505
100,5,1,1510
113,5,1,1515
104,5,1,1520
105,5,1,1525
93,5,1,1530
92,5,1,1535
113,5,1,1540
126,5,1,1545
120,5,1,1550
91,5,1,1555
92,5,1,1600
89,5,1,1605
101,5,1,1610
109,5,1,1615
95,5,1,1620
87,5,1,1625
84,5,1,1630
87,5,1,1635
89,5,1,1640
98,5,1,1645
104,5,1,1650
87,5,1,1655
79,5,1,1700
83,5,1,1705
97,5,1,1710
86,5,1,1715
99,5,1,1720
98,5,1,1725
89,5,1,1730
99,5,1,1735
85,5,1,1740
76,5,1,1745
77,5,1,1750
83,5,1,1755
93,5,1,1800
71,5,1,1805
71,5,1,1810
74,5,1,1815
102,5,1,1820
89,5,1,1825
82,5,1,1830
76,5,1,1835
64,5,1,1840
77,5,1,1845
77,5,1,1850
85,5,1,1855
86,5,1,1900
83,5,1,1905
93,5,1,1910
83,5,1,1915
96,5,1,1920
97,5,1,1925
86,5,1,1930
97,5,1,1935
100,5,1,1940
76,5,1,1945
76,5,1,1950
79,5,1,1955
77,5,1,2000
71,5,1,2005
98,5,1,2010
89,5,1,2015
64,5,1,2020
73,5,1,2025
60,5,1,2030
52,5,1,2035
47,5,1,2040
53,5,1,2045
68,5,1,2050
61,5,1,2055
43,5,1,2100
53,5,1,2105
51,5,1,2110
58,5,1,2115
53,5,1,2120
71,5,1,2125
43,5,1,2130
38,5,1,2135
44,5,1,2140
60,5,1,2145
40,5,1,2150
40,5,1,2155
34,5,1,2200
32,5,1,2205
37,5,1,2210
43,5,1,2215
47,5,1,2220
47,5,1,2225
43,5,1,2230
36,5,1,2235
38,5,1,2240
37,5,1,2245
33,5,1,2250
33,5,1,2255
27,5,1,2300
22,5,1,2305
32,5,1,2310
23,5,1,2315
18,5,1,2320
24,5,1,2325
29,5,1,2330
28,5,1,2335
25,5,1,2340
19,5,1,2345
26,5,1,2350
20,1,1,2355
21,1,1,0
23,1,1,5
16,1,1,10
14,1,1,15
15,1,1,20
15,1,1,25
9,1,1,30
14,1,1,35
15,1,1,40
8,1,1,45
12,1,1,50
3,1,1,55
12,1,1,100
8,1,1,105
11,1,1,110
11,1,1,115
12,1,1,120
8,1,1,125
10,1,1,130
5,1,1,135
10,1,1,140
6,1,1,145
8,1,1,150
9,1,1,155
5,1,1,200
3,1,1,205
7,1,1,210
4,1,1,215
7,1,1,220
5,1,1,225
5,1,1,230
5,1,1,235
11,1,1,240
8,1,1,245
3,1,1,250
1,1,1,255
3,1,1,300
10,1,1,305
10,1,1,310
7,1,1,315
4,1,1,320
11,1,1,325
10,1,1,330
5,1,1,335
7,1,1,340
16,1,1,345
6,1,1,350
15,1,1,355
8,1,1,400
15,1,1,405
15,1,1,410
19,1,1,415
20,1,1,420
27,1,1,425
22,1,1,430
32,1,1,435
39,1,1,440
54,1,1,445
56,1,1,450
43,1,1,455
60,1,1,500
53,1,1,505
45,1,1,510
70,1,1,515
78,1,1,520
76,1,1,525
78,1,1,530
82,1,1,535
99,1,1,540
119,1,1,545
103,1,1,550
116,1,1,555
115,1,1,600
107,1,1,605
133,1,1,610
130,1,1,615
153,1,1,620
152,1,1,625
171,1,1,630
167,1,1,635
165,1,1,640
148,1,1,645
111,1,1,650
117,1,1,655
97,1,1,700
77,1,1,705
76,1,1,710
76,1,1,715
74,1,1,720
79,1,1,725
66,1,1,730
73,1,1,735
65,1,1,740
62,1,1,745
70,1,1,750
66,1,1,755
74,1,1,800
65,1,1,805
60,1,1,810
65,1,1,815
60,1,1,820
67,1,1,825
71,1,1,830
64,1,1,835
75,1,1,840
75,1,1,845
64,1,1,850
74,1,1,855
68,1,1,900
67,1,1,905
87,1,1,910
80,1,1,915
95,1,1,920
95,1,1,925
100,1,1,930
84,1,1,935
100,1,1,940
106,1,1,945
93,1,1,950
89,1,1,955
93,1,1,1000
96,1,1,1005
91,1,1,1010
97,1,1,1015
90,1,1,1020
97,1,1,1025
73,1,1,1030
119,1,1,1035
87,1,1,1040
91,1,1,1045
97,1,1,1050
96,1,1,1055
72,1,1,1100
102,1,1,1105
82,1,1,1110
74,1,1,1115
88,1,1,1120
86,1,1,1125
88,1,1,1130
90,1,1,1135
83,1,1,1140
92,1,1,1145
85,1,1,1150
95,1,1,1155
82,1,1,1200
71,1,1,1205
78,1,1,1210
101,1,1,1215
92,1,1,1220
94,1,1,1225
87,1,1,1230
87,1,1,1235
88,1,1,1240
93,1,1,1245
79,1,1,1250
81,1,1,1255
79,1,1,1300
76,1,1,1305
101,1,1,1310
99,1,1,1315
95,1,1,1320
85,1,1,1325
89,1,1,1330
74,1,1,1335
80,1,1,1340
95,1,1,1345
82,1,1,1350
83,1,1,1355
81,1,1,1400
79,1,1,1405
90,1,1,1410
84,1,1,1415
79,1,1,1420
92,1,1,1425
75,1,1,1430
86,1,1,1435
81,1,1,1440
109,1,1,1445
98,1,1,1450
89,1,1,1455
82,1,1,1500
85,1,1,1505
86,1,1,1510
80,1,1,1515
94,1,1,1520
95,1,1,1525
76,1,1,1530
87,1,1,1535
102,1,1,1540
95,1,1,1545
76,1,1,1550
85,1,1,1555
78,1,1,1600
91,1,1,1605
90,1,1,1610
82,1,1,1615
72,1,1,1620
86,1,1,1625
77,1,1,1630
91,1,1,1635
90,1,1,1640
94,1,1,1645
83,1,1,1650
69,1,1,1655
76,1,1,1700
75,1,1,1705
99,1,1,1710
104,1,1,1715
93,1,1,1720
96,1,1,1725
78,1,1,1730
79,1,1,1735
81,1,1,1740
82,1,1,1745
81,1,1,1750
56,1,1,1755
84,1,1,1800
69,1,1,1805
75,1,1,1810
71,1,1,1815
66,1,1,1820
67,1,1,1825
63,1,1,1830
70,1,1,1835
71,1,1,1840
80,1,1,1845
65,1,1,1850
64,1,1,1855
63,1,1,1900
61,1,1,1905
66,1,1,1910
56,1,1,1915
67,1,1,1920
52,1,1,1925
58,1,1,1930
56,1,1,1935
38,1,1,1940
58,1,1,1945
56,1,1,1950
42,1,1,1955
47,1,1,2000
44,1,1,2005
46,1,1,2010
49,1,1,2015
60,1,1,2020
44,1,1,2025
36,1,1,2030
39,1,1,2035
43,1,1,2040
39,1,1,2045
46,1,1,2050
48,1,1,2055
40,1,1,2100
33,1,1,2105
40,1,1,2110
41,1,1,2115
43,1,1,2120
42,1,1,2125
33,1,1,2130
34,1,1,2135
45,1,1,2140
26,1,1,2145
32,1,1,2150
28,1,1,2155
29,1,1,2200
29,1,1,2205
32,1,1,2210
28,1,1,2215
24,1,1,2220
23,1,1,2225
26,1,1,2230
22,1,1,2235
21,1,1,2240
22,1,1,2245
17,1,1,2250
14,1,1,2255
14,1,1,2300
14,1,1,2305
20,1,1,2310
21,1,1,2315
16,1,1,2320
9,1,1,2325
11,1,1,2330
13,1,1,2335
17,1,1,2340
16,1,1,2345
12,1,1,2350
10,2,1,2355
9,2,1,0
11,2,1,5
6,2,1,10
8,2,1,15
6,2,1,20
7,2,1,25
6,2,1,30
4,2,1,35
4,2,1,40
8,2,1,45
3,2,1,50
8,2,1,55
4,2,1,100
7,2,1,105
6,2,1,110
4,2,1,115
5,2,1,120
3,2,1,125
5,2,1,130
8,2,1,135
3,2,1,140
4,2,1,145
4,2,1,150
2,2,1,155
2,2,1,200
1,2,1,205
3,2,1,210
3,2,1,215
5,2,1,220
2,2,1,225
3,2,1,230
7,2,1,235
4,2,1,240
2,2,1,245
3,2,1,250
3,2,1,255
2,2,1,300
4,2,1,305
3,2,1,310
2,2,1,315
2,2,1,320
3,2,1,325
4,2,1,330
4,2,1,335
11,2,1,340
7,2,1,345
6,2,1,350
12,2,1,355
6,2,1,400
14,2,1,405
19,2,1,410
16,2,1,415
15,2,1,420
18,2,1,425
19,2,1,430
25,2,1,435
42,2,1,440
49,2,1,445
41,2,1,450
63,2,1,455
58,2,1,500
46,2,1,505
58,2,1,510
81,2,1,515
83,2,1,520
73,2,1,525
81,2,1,530
80,2,1,535
103,2,1,540
105,2,1,545
114,2,1,550
103,2,1,555
123,2,1,600
107,2,1,605
138,2,1,610
154,2,1,615
165,2,1,620
149,2,1,625
151,2,1,630
170,2,1,635
162,2,1,640
143,2,1,645
152,2,1,650
127,2,1,655
131,2,1,700
129,2,1,705
113,2,1,710
93,2,1,715
82,2,1,720
81,2,1,725
79,2,1,730
85,2,1,735
73,2,1,740
74,2,1,745
72,2,1,750
61,2,1,755
63,2,1,800
71,2,1,805
61,2,1,810
69,2,1,815
70,2,1,820
65,2,1,825
75,2,1,830
68,2,1,835
61,2,1,840
71,2,1,845
73,2,1,850
65,2,1,855
78,2,1,900
90,2,1,905
84,2,1,910
93,2,1,915
101,2,1,920
92,2,1,925
103,2,1,930
109,2,1,935
111,2,1,940
94,2,1,945
80,2,1,950
44,2,1,955
30,2,1,1000
40,2,1,1005
43,2,1,1010
38,2,1,1015
31,2,1,1020
93,2,1,1025
121,2,1,1030
114,2,1,1035
110,2,1,1040
112,2,1,1045
86,2,1,1050
96,2,1,1055
96,2,1,1100
83,2,1,1105
98,2,1,1110
107,2,1,1115
112,2,1,1120
98,2,1,1125
94,2,1,1130
91,2,1,1135
87,2,1,1140
111,2,1,1145
95,2,1,1150
85,2,1,1155
115,2,1,1200
85,2,1,1205
74,2,1,1210
106,2,1,1215
78,2,1,1220
96,2,1,1225
76,2,1,1230
82,2,1,1235
83,2,1,1240
99,2,1,1245
97,2,1,1250
88,2,1,1255
73,2,1,1300
92,2,1,1305
88,2,1,1310
100,2,1,1315
108,2,1,1320
89,2,1,1325
89,2,1,1330
91,2,1,1335
89,2,1,1340
95,2,1,1345
102,2,1,1350
90,2,1,1355
95,2,1,1400
92,2,1,1405
95,2,1,1410
99,2,1,1415
85,2,1,1420
99,2,1,1425
106,2,1,1430
111,2,1,1435
111,2,1,1440
115,2,1,1445
100,2,1,1450
99,2,1,1455
94,2,1,1500
81,2,1,1505
89,2,1,1510
113,2,1,1515
105,2,1,1520
105,2,1,1525
97,2,1,1530
112,2,1,1535
114,2,1,1540
108,2,1,1545
88,2,1,1550
104,2,1,1555
90,2,1,1600
94,2,1,1605
91,2,1,1610
87,2,1,1615
96,2,1,1620
91,2,1,1625
81,2,1,1630
94,2,1,1635
80,2,1,1640
91,2,1,1645
99,2,1,1650
92,2,1,1655
107,2,1,1700
102,2,1,1705
89,2,1,1710
99,2,1,1715
106,2,1,1720
107,2,1,1725
92,2,1,1730
80,2,1,1735
76,2,1,1740
89,2,1,1745
88,2,1,1750
84,2,1,1755
88,2,1,1800
78,2,1,1805
69,2,1,1810
83,2,1,1815
83,2,1,1820
83,2,1,1825
77,2,1,1830
70,2,1,1835
79,2,1,1840
79,2,1,1845
76,2,1,1850
71,2,1,1855
81,2,1,1900
84,2,1,1905
71,2,1,1910
90,2,1,1915
93,2,1,1920
79,2,1,1925
63,2,1,1930
67,2,1,1935
51,2,1,1940
64,2,1,1945
47,2,1,1950
72,2,1,1955
64,2,1,2000
63,2,1,2005
57,2,1,2010
60,2,1,2015
50,2,1,2020
50,2,1,2025
65,2,1,2030
58,2,1,2035
36,2,1,2040
54,2,1,2045
42,2,1,2050
47,2,1,2055
46,2,1,2100
42,2,1,2105
43,2,1,2110
44,2,1,2115
32,2,1,2120
33,2,1,2125
51,2,1,2130
44,2,1,2135
48,2,1,2140
35,2,1,2145
41,2,1,2150
31,2,1,2155
32,2,1,2200
40,2,1,2205
28,2,1,2210
39,2,1,2215
28,2,1,2220
29,2,1,2225
24,2,1,2230
25,2,1,2235
29,2,1,2240
29,2,1,2245
16,2,1,2250
15,2,1,2255
18,2,1,2300
20,2,1,2305
15,2,1,2310
17,2,1,2315
15,2,1,2320
12,2,1,2325
16,2,1,2330
14,2,1,2335
10,2,1,2340
22,2,1,2345
16,2,1,2350
9,3,1,2355
5,3,1,0
13,3,1,5
10,3,1,10
11,3,1,15
10,3,1,20
13,3,1,25
5,3,1,30
6,3,1,35
7,3,1,40
13,3,1,45
4,3,1,50
3,3,1,55
6,3,1,100
8,3,1,105
8,3,1,110
2,3,1,115
6,3,1,120
5,3,1,125
6,3,1,130
4,3,1,135
3,3,1,140
7,3,1,145
6,3,1,150
4,3,1,155
5,3,1,200
3,3,1,205
5,3,1,210
3,3,1,215
7,3,1,220
4,3,1,225
5,3,1,230
6,3,1,235
4,3,1,240
3,3,1,245
3,3,1,250
2,3,1,255
2,3,1,300
2,3,1,305
4,3,1,310
1,3,1,315
5,3,1,320
7,3,1,325
7,3,1,330
8,3,1,335
6,3,1,340
8,3,1,345
3,3,1,350
10,3,1,355
9,3,1,400
14,3,1,405
10,3,1,410
13,3,1,415
12,3,1,420
19,3,1,425
21,3,1,430
26,3,1,435
34,3,1,440
40,3,1,445
46,3,1,450
40,3,1,455
57,3,1,500
55,3,1,505
70,3,1,510
68,3,1,515
63,3,1,520
70,3,1,525
70,3,1,530
99,3,1,535
108,3,1,540
122,3,1,545
118,3,1,550
95,3,1,555
123,3,1,600
111,3,1,605
125,3,1,610
133,3,1,615
142,3,1,620
163,3,1,625
160,3,1,630
171,3,1,635
166,3,1,640
140,3,1,645
146,3,1,650
136,3,1,655
131,3,1,700
117,3,1,705
119,3,1,710
94,3,1,715
96,3,1,720
83,3,1,725
70,3,1,730
81,3,1,735
74,3,1,740
62,3,1,745
54,3,1,750
52,3,1,755
60,3,1,800
63,3,1,805
70,3,1,810
57,3,1,815
61,3,1,820
67,3,1,825
71,3,1,830
75,3,1,835
68,3,1,840
71,3,1,845
78,3,1,850
97,3,1,855
84,3,1,900
92,3,1,905
86,3,1,910
97,3,1,915
111,3,1,920
104,3,1,925
118,3,1,930
107,3,1,935
103,3,1,940
114,3,1,945
106,3,1,950
115,3,1,955
93,3,1,1000
96,3,1,1005
116,3,1,1010
109,3,1,1015
122,3,1,1020
118,3,1,1025
134,3,1,1030
101,3,1,1035
141,3,1,1040
109,3,1,1045
125,3,1,1050
88,3,1,1055
106,3,1,1100
102,3,1,1105
111,3,1,1110
117,3,1,1115
112,3,1,1120
120,3,1,1125
103,3,1,1130
103,3,1,1135
117,3,1,1140
96,3,1,1145
105,3,1,1150
108,3,1,1155
78,3,1,1200
111,3,1,1205
104,3,1,1210
116,3,1,1215
105,3,1,1220
88,3,1,1225
84,3,1,1230
83,3,1,1235
107,3,1,1240
74,3,1,1245
68,3,1,1250
85,3,1,1255
104,3,1,1300
92,3,1,1305
94,3,1,1310
104,3,1,1315
101,3,1,1320
101,3,1,1325
98,3,1,1330
102,3,1,1335
88,3,1,1340
80,3,1,1345
105,3,1,1350
95,3,1,1355
97,3,1,1400
94,3,1,1405
98,3,1,1410
104,3,1,1415
93,3,1,1420
110,3,1,1425
119,3,1,1430
108,3,1,1435
108,3,1,1440
111,3,1,1445
105,3,1,1450
93,3,1,1455
106,3,1,1500
119,3,1,1505
90,3,1,1510
81,3,1,1515
104,3,1,1520
107,3,1,1525
89,3,1,1530
113,3,1,1535
111,3,1,1540
117,3,1,1545
93,3,1,1550
100,3,1,1555
103,3,1,1600
100,3,1,1605
91,3,1,1610
106,3,1,1615
100,3,1,1620
103,3,1,1625
93,3,1,1630
84,3,1,1635
74,3,1,1640
85,3,1,1645
111,3,1,1650
93,3,1,1655
94,3,1,1700
67,3,1,1705
97,3,1,1710
111,3,1,1715
93,3,1,1720
93,3,1,1725
102,3,1,1730
106,3,1,1735
99,3,1,1740
84,3,1,1745
87,3,1,1750
83,3,1,1755
106,3,1,1800
83,3,1,1805
80,3,1,1810
80,3,1,1815
91,3,1,1820
69,3,1,1825
77,3,1,1830
82,3,1,1835
75,3,1,1840
69,3,1,1845
76,3,1,1850
69,3,1,1855
78,3,1,1900
69,3,1,1905
90,3,1,1910
87,3,1,1915
71,3,1,1920
77,3,1,1925
61,3,1,1930
60,3,1,1935
64,3,1,1940
50,3,1,1945
55,3,1,1950
68,3,1,1955
61,3,1,2000
63,3,1,2005
59,3,1,2010
67,3,1,2015
56,3,1,2020
44,3,1,2025
41,3,1,2030
55,3,1,2035
47,3,1,2040
50,3,1,2045
51,3,1,2050
53,3,1,2055
49,3,1,2100
46,3,1,2105
67,3,1,2110
42,3,1,2115
53,3,1,2120
44,3,1,2125
34,3,1,2130
29,3,1,2135
41,3,1,2140
43,3,1,2145
43,3,1,2150
30,3,1,2155
33,3,1,2200
44,3,1,2205
34,3,1,2210
32,3,1,2215
35,3,1,2220
30,3,1,2225
32,3,1,2230
31,3,1,2235
26,3,1,2240
27,3,1,2245
19,3,1,2250
20,3,1,2255
19,3,1,2300
21,3,1,2305
21,3,1,2310
20,3,1,2315
12,3,1,2320
15,3,1,2325
13,3,1,2330
13,3,1,2335
14,3,1,2340
19,3,1,2345
18,3,1,2350
7,4,1,2355
9,4,1,0
9,4,1,5
9,4,1,10
9,4,1,15
12,4,1,20
14,4,1,25
8,4,1,30
8,4,1,35
8,4,1,40
10,4,1,45
10,4,1,50
2,4,1,55
10,4,1,100
3,4,1,105
3,4,1,110
9,4,1,115
10,4,1,120
7,4,1,125
6,4,1,130
8,4,1,135
4,4,1,140
5,4,1,145
6,4,1,150
5,4,1,155
5,4,1,200
3,4,1,205
4,4,1,210
2,4,1,215
7,4,1,220
4,4,1,225
7,4,1,230
4,4,1,235
4,4,1,240
2,4,1,245
1,4,1,250
4,4,1,255
1,4,1,300
2,4,1,305
9,4,1,310
3,4,1,315
3,4,1,320
4,4,1,325
4,4,1,330
10,4,1,335
4,4,1,340
6,4,1,345
7,4,1,350
8,4,1,355
8,4,1,400
12,4,1,405
13,4,1,410
20,4,1,415
17,4,1,420
20,4,1,425
19,4,1,430
24,4,1,435
34,4,1,440
39,4,1,445
45,4,1,450
41,4,1,455
35,4,1,500
53,4,1,505
70,4,1,510
61,4,1,515
72,4,1,520
76,4,1,525
61,4,1,530
102,4,1,535
91,4,1,540
122,4,1,545
115,4,1,550
108,4,1,555
104,4,1,600
120,4,1,605
129,4,1,610
131,4,1,615
144,4,1,620
139,4,1,625
154,4,1,630
159,4,1,635
166,4,1,640
155,4,1,645
158,4,1,650
140,4,1,655
136,4,1,700
120,4,1,705
117,4,1,710
95,4,1,715
82,4,1,720
87,4,1,725
90,4,1,730
76,4,1,735
72,4,1,740
67,4,1,745
79,4,1,750
67,4,1,755
66,4,1,800
74,4,1,805
74,4,1,810
61,4,1,815
65,4,1,820
75,4,1,825
73,4,1,830
76,4,1,835
74,4,1,840
80,4,1,845
61,4,1,850
71,4,1,855
72,4,1,900
76,4,1,905
72,4,1,910
95,4,1,915
104,4,1,920
103,4,1,925
115,4,1,930
121,4,1,935
107,4,1,940
92,4,1,945
130,4,1,950
107,4,1,955
122,4,1,1000
110,4,1,1005
115,4,1,1010
113,4,1,1015
122,4,1,1020
120,4,1,1025
118,4,1,1030
141,4,1,1035
123,4,1,1040
107,4,1,1045
111,4,1,1050
95,4,1,1055
126,4,1,1100
114,4,1,1105
108,4,1,1110
127,4,1,1115
124,4,1,1120
126,4,1,1125
110,4,1,1130
125,4,1,1135
105,4,1,1140
114,4,1,1145
124,4,1,1150
99,4,1,1155
106,4,1,1200
99,4,1,1205
94,4,1,1210
100,4,1,1215
87,4,1,1220
85,4,1,1225
96,4,1,1230
102,4,1,1235
97,4,1,1240
101,4,1,1245
87,4,1,1250
88,4,1,1255
110,4,1,1300
105,4,1,1305
106,4,1,1310
107,4,1,1315
97,4,1,1320
110,4,1,1325
95,4,1,1330
70,4,1,1335
113,4,1,1340
92,4,1,1345
102,4,1,1350
108,4,1,1355
115,4,1,1400
101,4,1,1405
110,4,1,1410
111,4,1,1415
95,4,1,1420
95,4,1,1425
101,4,1,1430
126,4,1,1435
116,4,1,1440
109,4,1,1445
106,4,1,1450
116,4,1,1455
100,4,1,1500
99,4,1,1505
85,4,1,1510
89,4,1,1515
104,4,1,1520
103,4,1,1525
96,4,1,1530
122,4,1,1535
101,4,1,1540
96,4,1,1545
113,4,1,1550
90,4,1,1555
106,4,1,1600
102,4,1,1605
93,4,1,1610
83,4,1,1615
93,4,1,1620
97,4,1,1625
85,4,1,1630
86,4,1,1635
72,4,1,1640
89,4,1,1645
103,4,1,1650
91,4,1,1655
97,4,1,1700
80,4,1,1705
85,4,1,1710
112,4,1,1715
102,4,1,1720
110,4,1,1725
93,4,1,1730
86,4,1,1735
83,4,1,1740
86,4,1,1745
87,4,1,1750
77,4,1,1755
81,4,1,1800
62,4,1,1805
79,4,1,1810
87,4,1,1815
72,4,1,1820
65,4,1,1825
84,4,1,1830
77,4,1,1835
90,4,1,1840
87,4,1,1845
69,4,1,1850
80,4,1,1855
100,4,1,1900
84,4,1,1905
89,4,1,1910
80,4,1,1915
76,4,1,1920
76,4,1,1925
90,4,1,1930
76,4,1,1935
54,4,1,1940
92,4,1,1945
66,4,1,1950
80,4,1,1955
72,4,1,2000
43,4,1,2005
61,4,1,2010
56,4,1,2015
57,4,1,2020
62,4,1,2025
56,4,1,2030
57,4,1,2035
65,4,1,2040
57,4,1,2045
68,4,1,2050
46,4,1,2055
51,4,1,2100
49,4,1,2105
70,4,1,2110
49,4,1,2115
60,4,1,2120
46,4,1,2125
57,4,1,2130
48,4,1,2135
50,4,1,2140
49,4,1,2145
45,4,1,2150
33,4,1,2155
33,4,1,2200
43,4,1,2205
41,4,1,2210
32,4,1,2215
40,4,1,2220
34,4,1,2225
22,4,1,2230
26,4,1,2235
20,4,1,2240
24,4,1,2245
22,4,1,2250
19,4,1,2255
27,4,1,2300
22,4,1,2305
28,4,1,2310
27,4,1,2315
20,4,1,2320
23,4,1,2325
17,4,1,2330
15,4,1,2335
16,4,1,2340
13,4,1,2345
15,4,1,2350
10,5,1,2355
12,5,1,0
14,5,1,5
13,5,1,10
13,5,1,15
16,5,1,20
10,5,1,25
12,5,1,30
5,5,1,35
9,5,1,40
6,5,1,45
6,5,1,50
4,5,1,55
3,5,1,100
3,5,1,105
5,5,1,110
4,5,1,115
6,5,1,120
3,5,1,125
4,5,1,130
4,5,1,135
8,5,1,140
3,5,1,145
5,5,1,150
8,5,1,155
4,5,1,200
4,5,1,205
5,5,1,210
5,5,1,215
3,5,1,220
4,5,1,225
4,5,1,230
5,5,1,235
5,5,1,240
9,5,1,245
1,5,1,250
6,5,1,255
3,5,1,300
1,5,1,305
3,5,1,310
4,5,1,315
6,5,1,320
2,5,1,325
11,5,1,330
9,5,1,335
9,5,1,340
16,5,1,345
7,5,1,350
5,5,1,355
13,5,1,400
9,5,1,405
18,5,1,410
14,5,1,415
13,5,1,420
19,5,1,425
22,5,1,430
21,5,1,435
29,5,1,440
32,5,1,445
33,5,1,450
30,5,1,455
47,5,1,500
54,5,1,505
55,5,1,510
68,5,1,515
55,5,1,520
59,5,1,525
55,5,1,530
82,5,1,535
88,5,1,540
93,5,1,545
87,5,1,550
94,5,1,555
87,5,1,600
99,5,1,605
102,5,1,610
119,5,1,615
134,5,1,620
143,5,1,625
140,5,1,630
151,5,1,635
178,5,1,640
164,5,1,645
145,5,1,650
162,5,1,655
170,5,1,700
136,5,1,705
141,5,1,710
119,5,1,715
126,5,1,720
107,5,1,725
106,5,1,730
104,5,1,735
100,5,1,740
94,5,1,745
92,5,1,750
95,5,1,755
106,5,1,800
95,5,1,805
96,5,1,810
93,5,1,815
104,5,1,820
91,5,1,825
92,5,1,830
97,5,1,835
89,5,1,840
84,5,1,845
79,5,1,850
79,5,1,855
103,5,1,900
95,5,1,905
110,5,1,910
101,5,1,915
117,5,1,920
111,5,1,925
112,5,1,930
125,5,1,935
125,5,1,940
102,5,1,945
107,5,1,950
96,5,1,955
104,5,1,1000
114,5,1,1005
122,5,1,1010
101,5,1,1015
106,5,1,1020
124,5,1,1025
104,5,1,1030
115,5,1,1035
122,5,1,1040
108,5,1,1045
114,5,1,1050
96,5,1,1055
109,5,1,1100
100,5,1,1105
114,5,1,1110
99,5,1,1115
104,5,1,1120
107,5,1,1125
106,5,1,1130
108,5,1,1135
96,5,1,1140
106,5,1,1145
102,5,1,1150
89,5,1,1155
117,5,1,1200
95,5,1,1205
97,5,1,1210
108,5,1,1215
87,5,1,1220
121,5,1,1225
103,5,1,1230
115,5,1,1235
108,5,1,1240
100,5,1,1245
108,5,1,1250
100,5,1,1255
99,5,1,1300
91,5,1,1305
108,5,1,1310
103,5,1,1315
107,5,1,1320
117,5,1,1325
98,5,1,1330
109,5,1,1335
108,5,1,1340
118,5,1,1345
106,5,1,1350
104,5,1,1355
122,5,1,1400
93,5,1,1405
112,5,1,1410
98,5,1,1415
119,5,1,1420
118,5,1,1425
101,5,1,1430
107,5,1,1435
103,5,1,1440
99,5,1,1445
99,5,1,1450
94,5,1,1455
72,5,1,1500
81,5,1,1505
69,5,1,1510
56,5,1,1515
84,5,1,1520
77,5,1,1525
78,5,1,1530
85,5,1,1535
77,5,1,1540
80,5,1,1545
82,5,1,1550
76,5,1,1555
77,5,1,1600
69,5,1,1605
79,5,1,1610
74,5,1,1615
82,5,1,1620
82,5,1,1625
65,5,1,1630
80,5,1,1635
72,5,1,1640
73,5,1,1645
85,5,1,1650
88,5,1,1655
77,5,1,1700
95,5,1,1705
65,5,1,1710
115,5,1,1715
97,5,1,1720
89,5,1,1725
62,5,1,1730
58,5,1,1735
63,5,1,1740
70,5,1,1745
61,5,1,1750
66,5,1,1755
71,5,1,1800
53,5,1,1805
71,5,1,1810
89,5,1,1815
66,5,1,1820
67,5,1,1825
85,5,1,1830
67,5,1,1835
82,5,1,1840
80,5,1,1845
78,5,1,1850
93,5,1,1855
76,5,1,1900
84,5,1,1905
67,5,1,1910
103,5,1,1915
91,5,1,1920
75,5,1,1925
78,5,1,1930
83,5,1,1935
74,5,1,1940
77,5,1,1945
64,5,1,1950
77,5,1,1955
62,5,1,2000
68,5,1,2005
66,5,1,2010
80,5,1,2015
73,5,1,2020
75,5,1,2025
80,5,1,2030
62,5,1,2035
52,5,1,2040
62,5,1,2045
67,5,1,2050
54,5,1,2055
52,5,1,2100
51,5,1,2105
61,5,1,2110
59,5,1,2115
49,5,1,2120
59,5,1,2125
51,5,1,2130
51,5,1,2135
38,5,1,2140
54,5,1,2145
40,5,1,2150
56,5,1,2155
39,5,1,2200
33,5,1,2205
44,5,1,2210
43,5,1,2215
51,5,1,2220
41,5,1,2225
30,5,1,2230
35,5,1,2235
28,5,1,2240
37,5,1,2245
37,5,1,2250
25,5,1,2255
28,5,1,2300
31,5,1,2305
29,5,1,2310
26,5,1,2315
28,5,1,2320
17,5,1,2325
19,5,1,2330
19,5,1,2335
27,5,1,2340
26,5,1,2345
25,5,1,2350
20,1,1,2355
18,1,1,0
15,1,1,5
14,1,1,10
15,1,1,15
10,1,1,20
12,1,1,25
13,1,1,30
18,1,1,35
9,1,1,40
9,1,1,45
12,1,1,50
9,1,1,55
11,1,1,100
8,1,1,105
10,1,1,110
6,1,1,115
14,1,1,120
9,1,1,125
13,1,1,130
10,1,1,135
7,1,1,140
5,1,1,145
4,1,1,150
4,1,1,155
7,1,1,200
11,1,1,205
13,1,1,210
5,1,1,215
8,1,1,220
9,1,1,225
3,1,1,230
9,1,1,235
9,1,1,240
8,1,1,245
8,1,1,250
5,1,1,255
6,1,1,300
6,1,1,305
4,1,1,310
9,1,1,315
8,1,1,320
6,1,1,325
15,1,1,330
13,1,1,335
11,1,1,340
9,1,1,345
11,1,1,350
10,1,1,355
4,1,1,400
15,1,1,405
21,1,1,410
21,1,1,415
17,1,1,420
24,1,1,425
15,1,1,430
35,1,1,435
37,1,1,440
41,1,1,445
50,1,1,450
37,1,1,455
67,1,1,500
56,1,1,505
67,1,1,510
60,1,1,515
64,1,1,520
85,1,1,525
86,1,1,530
91,1,1,535
111,1,1,540
116,1,1,545
101,1,1,550
98,1,1,555
105,1,1,600
108,1,1,605
117,1,1,610
132,1,1,615
116,1,1,620
126,1,1,625
140,1,1,630
140,1,1,635
143,1,1,640
146,1,1,645
125,1,1,650
134,1,1,655
131,1,1,700
123,1,1,705
132,1,1,710
88,1,1,715
101,1,1,720
97,1,1,725
85,1,1,730
74,1,1,735
71,1,1,740
68,1,1,745
69,1,1,750
81,1,1,755
67,1,1,800
79,1,1,805
81,1,1,810
75,1,1,815
64,1,1,820
67,1,1,825
70,1,1,830
78,1,1,835
69,1,1,840
53,1,1,845
60,1,1,850
75,1,1,855
76,1,1,900
77,1,1,905
75,1,1,910
87,1,1,915
90,1,1,920
94,1,1,925
100,1,1,930
108,1,1,935
97,1,1,940
92,1,1,945
88,1,1,950
94,1,1,955
97,1,1,1000
89,1,1,1005
92,1,1,1010
98,1,1,1015
80,1,1,1020
101,1,1,1025
94,1,1,1030
83,1,1,1035
90,1,1,1040
89,1,1,1045
80,1,1,1050
83,1,1,1055
89,1,1,1100
84,1,1,1105
86,1,1,1110
98,1,1,1115
100,1,1,1120
92,1,1,1125
68,1,1,1130
92,1,1,1135
76,1,1,1140
98,1,1,1145
88,1,1,1150
90,1,1,1155
86,1,1,1200
100,1,1,1205
93,1,1,1210
93,1,1,1215
76,1,1,1220
81,1,1,1225
87,1,1,1230
82,1,1,1235
98,1,1,1240
82,1,1,1245
95,1,1,1250
85,1,1,1255
76,1,1,1300
83,1,1,1305
77,1,1,1310
94,1,1,1315
87,1,1,1320
89,1,1,1325
87,1,1,1330
84,1,1,1335
131,1,1,1340
101,1,1,1345
111,1,1,1350
102,1,1,1355
94,1,1,1400
99,1,1,1405
89,1,1,1410
107,1,1,1415
99,1,1,1420
93,1,1,1425
96,1,1,1430
92,1,1,1435
122,1,1,1440
118,1,1,1445
100,1,1,1450
104,1,1,1455
82,1,1,1500
100,1,1,1505
91,1,1,1510
102,1,1,1515
88,1,1,1520
108,1,1,1525
103,1,1,1530
96,1,1,1535
92,1,1,1540
101,1,1,1545
107,1,1,1550
97,1,1,1555
88,1,1,1600
104,1,1,1605
107,1,1,1610
103,1,1,1615
94,1,1,1620
92,1,1,1625
76,1,1,1630
82,1,1,1635
79,1,1,1640
82,1,1,1645
85,1,1,1650
79,1,1,1655
97,1,1,1700
79,1,1,1705
88,1,1,1710
111,1,1,1715
96,1,1,1720
90,1,1,1725
86,1,1,1730
85,1,1,1735
82,1,1,1740
79,1,1,1745
85,1,1,1750
74,1,1,1755
77,1,1,1800
71,1,1,1805
82,1,1,1810
68,1,1,1815
67,1,1,1820
61,1,1,1825
67,1,1,1830
66,1,1,1835
76,1,1,1840
69,1,1,1845
73,1,1,1850
75,1,1,1855
57,1,1,1900
76,1,1,1905
30,1,1,1910
97,1,1,1915
70,1,1,1920
60,1,1,1925
57,1,1,1930
74,1,1,1935
61,1,1,1940
66,1,1,1945
52,1,1,1950
74,1,1,1955
68,1,1,2000
60,1,1,2005
53,1,1,2010
53,1,1,2015
60,1,1,2020
58,1,1,2025
53,1,1,2030
46,1,1,2035
53,1,1,2040
45,1,1,2045
51,1,1,2050
41,1,1,2055
54,1,1,2100
40,1,1,2105
44,1,1,2110
51,1,1,2115
39,1,1,2120
56,1,1,2125
46,1,1,2130
34,1,1,2135
45,1,1,2140
46,1,1,2145
34,1,1,2150
34,1,1,2155
42,1,1,2200
37,1,1,2205
39,1,1,2210
36,1,1,2215
22,1,1,2220
32,1,1,2225
28,1,1,2230
25,1,1,2235
29,1,1,2240
23,1,1,2245
22,1,1,2250
18,1,1,2255
25,1,1,2300
21,1,1,2305
19,1,1,2310
21,1,1,2315
21,1,1,2320
18,1,1,2325
20,1,1,2330
19,1,1,2335
13,1,1,2340
15,1,1,2345
13,1,1,2350
13,1,1,2355
14,2,1,0
10,2,1,5
14,2,1,10
16,2,1,15
8,2,1,20
7,2,1,25
10,2,1,30
7,2,1,35
2,2,1,40
4,2,1,45
8,2,1,50
6,2,1,55
6,2,1,100
7,2,1,105
2,2,1,110
13,2,1,115
3,2,1,120
5,2,1,125
2,2,1,130
9,2,1,135
7,2,1,140
2,2,1,145
5,2,1,150
7,2,1,155
2,2,1,200
5,2,1,205
4,2,1,210
6,2,1,215
3,2,1,220
3,2,1,225
4,2,1,230
3,2,1,235
10,2,1,240
4,2,1,245
3,2,1,250
5,2,1,255
3,2,1,300
3,2,1,305
4,2,1,310
3,2,1,315
3,2,1,320
5,2,1,325
9,2,1,330
8,2,1,335
7,2,1,340
10,2,1,345
8,2,1,350
5,2,1,355
5,2,1,400
12,2,1,405
12,2,1,410
14,2,1,415
19,2,1,420
16,2,1,425
25,2,1,430
24,2,1,435
35,2,1,440
39,2,1,445
48,2,1,450
45,2,1,455
50,2,1,500
56,2,1,505
55,2,1,510
63,2,1,515
77,2,1,520
70,2,1,525
87,2,1,530
95,2,1,535
126,2,1,540
119,2,1,545
97,2,1,550
119,2,1,555
120,2,1,600
104,2,1,605
114,2,1,610
135,2,1,615
153,2,1,620
135,2,1,625
156,2,1,630
162,2,1,635
177,2,1,640
183,2,1,645
162,2,1,650
139,2,1,655
150,2,1,700
128,2,1,705
130,2,1,710
93,2,1,715
98,2,1,720
92,2,1,725
78,2,1,730
84,2,1,735
81,2,1,740
75,2,1,745
79,2,1,750
67,2,1,755
74,2,1,800
72,2,1,805
88,2,1,810
79,2,1,815
71,2,1,820
76,2,1,825
82,2,1,830
92,2,1,835
74,2,1,840
68,2,1,845
73,2,1,850
80,2,1,855
90,2,1,900
87,2,1,905
112,2,1,910
102,2,1,915
118,2,1,920
109,2,1,925
111,2,1,930
97,2,1,935
131,2,1,940
122,2,1,945
112,2,1,950
92,2,1,955
107,2,1,1000
118,2,1,1005
113,2,1,1010
115,2,1,1015
100,2,1,1020
128,2,1,1025
112,2,1,1030
125,2,1,1035
127,2,1,1040
112,2,1,1045
92,2,1,1050
97,2,1,1055
105,2,1,1100
95,2,1,1105
121,2,1,1110
111,2,1,1115
103,2,1,1120
98,2,1,1125
93,2,1,1130
107,2,1,1135
91,2,1,1140
67,2,1,1145
112,2,1,1150
96,2,1,1155
86,2,1,1200
100,2,1,1205
90,2,1,1210
97,2,1,1215
115,2,1,1220
107,2,1,1225
110,2,1,1230
101,2,1,1235
96,2,1,1240
112,2,1,1245
79,2,1,1250
83,2,1,1255
104,2,1,1300
89,2,1,1305
88,2,1,1310
85,2,1,1315
96,2,1,1320
93,2,1,1325
96,2,1,1330
104,2,1,1335
85,2,1,1340
97,2,1,1345
99,2,1,1350
98,2,1,1355
97,2,1,1400
99,2,1,1405
98,2,1,1410
80,2,1,1415
96,2,1,1420
91,2,1,1425
116,2,1,1430
95,2,1,1435
117,2,1,1440
122,2,1,1445
81,2,1,1450
92,2,1,1455
90,2,1,1500
97,2,1,1505
94,2,1,1510
111,2,1,1515
101,2,1,1520
81,2,1,1525
87,2,1,1530
95,2,1,1535
95,2,1,1540
95,2,1,1545
118,2,1,1550
115,2,1,1555
96,2,1,1600
94,2,1,1605
106,2,1,1610
93,2,1,1615
89,2,1,1620
87,2,1,1625
84,2,1,1630
83,2,1,1635
96,2,1,1640
98,2,1,1645
102,2,1,1650
102,2,1,1655
82,2,1,1700
88,2,1,1705
82,2,1,1710
106,2,1,1715
98,2,1,1720
91,2,1,1725
91,2,1,1730
79,2,1,1735
89,2,1,1740
84,2,1,1745
67,2,1,1750
82,2,1,1755
87,2,1,1800
81,2,1,1805
81,2,1,1810
72,2,1,1815
92,2,1,1820
66,2,1,1825
77,2,1,1830
85,2,1,1835
66,2,1,1840
73,2,1,1845
69,2,1,1850
78,2,1,1855
70,2,1,1900
71,2,1,1905
87,2,1,1910
67,2,1,1915
73,2,1,1920
79,2,1,1925
84,2,1,1930
83,2,1,1935
73,2,1,1940
71,2,1,1945
60,2,1,1950
62,2,1,1955
81,2,1,2000
53,2,1,2005
66,2,1,2010
57,2,1,2015
68,2,1,2020
55,2,1,2025
69,2,1,2030
48,2,1,2035
53,2,1,2040
54,2,1,2045
49,2,1,2050
44,2,1,2055
47,2,1,2100
61,2,1,2105
62,2,1,2110
64,2,1,2115
56,2,1,2120
49,2,1,2125
53,2,1,2130
43,2,1,2135
35,2,1,2140
48,2,1,2145
37,2,1,2150
44,2,1,2155
34,2,1,2200
38,2,1,2205
44,2,1,2210
42,2,1,2215
30,2,1,2220
32,2,1,2225
21,2,1,2230
32,2,1,2235
25,2,1,2240
30,2,1,2245
25,2,1,2250
21,2,1,2255
25,2,1,2300
22,2,1,2305
16,2,1,2310
18,2,1,2315
21,2,1,2320
8,2,1,2325
14,2,1,2330
11,2,1,2335
17,2,1,2340
19,2,1,2345
15,2,1,2350
14,2,1,2355
11,3,1,0
15,3,1,5
9,3,1,10
14,3,1,15
7,3,1,20
12,3,1,25
6,3,1,30
11,3,1,35
6,3,1,40
7,3,1,45
4,3,1,50
9,3,1,55
5,3,1,100
8,3,1,105
7,3,1,110
8,3,1,115
5,3,1,120
4,3,1,125
6,3,1,130
5,3,1,135
3,3,1,140
6,3,1,145
5,3,1,150
6,3,1,155
3,3,1,200
3,3,1,205
5,3,1,210
6,3,1,215
6,3,1,220
3,3,1,225
6,3,1,230
8,3,1,235
8,3,1,240
7,3,1,245
2,3,1,250
7,3,1,255
8,3,1,300
3,3,1,305
3,3,1,310
5,3,1,315
6,3,1,320
6,3,1,325
4,3,1,330
11,3,1,335
5,3,1,340
8,3,1,345
11,3,1,350
9,3,1,355
12,3,1,400
14,3,1,405
11,3,1,410
16,3,1,415
14,3,1,420
18,3,1,425
23,3,1,430
25,3,1,435
30,3,1,440
40,3,1,445
42,3,1,450
42,3,1,455
57,3,1,500
60,3,1,505
58,3,1,510
82,3,1,515
60,3,1,520
64,3,1,525
71,3,1,530
99,3,1,535
94,3,1,540
123,3,1,545
110,3,1,550
111,3,1,555
110,3,1,600
99,3,1,605
122,3,1,610
120,3,1,615
151,3,1,620
144,3,1,625
133,3,1,630
156,3,1,635
179,3,1,640
164,3,1,645
153,3,1,650
149,3,1,655
147,3,1,700
108,3,1,705
117,3,1,710
96,3,1,715
74,3,1,720
84,3,1,725
86,3,1,730
85,3,1,735
76,3,1,740
73,3,1,745
74,3,1,750
73,3,1,755
56,3,1,800
67,3,1,805
70,3,1,810
60,3,1,815
59,3,1,820
69,3,1,825
62,3,1,830
62,3,1,835
65,3,1,840
69,3,1,845
67,3,1,850
81,3,1,855
82,3,1,900
103,3,1,905
82,3,1,910
88,3,1,915
93,3,1,920
105,3,1,925
114,3,1,930
119,3,1,935
101,3,1,940
116,3,1,945
102,3,1,950
105,3,1,955
93,3,1,1000
97,3,1,1005
110,3,1,1010
89,3,1,1015
103,3,1,1020
117,3,1,1025
111,3,1,1030
110,3,1,1035
134,3,1,1040
123,3,1,1045
104,3,1,1050
101,3,1,1055
109,3,1,1100
87,3,1,1105
85,3,1,1110
106,3,1,1115
98,3,1,1120
78,3,1,1125
123,3,1,1130
110,3,1,1135
103,3,1,1140
128,3,1,1145
118,3,1,1150
107,3,1,1155
86,3,1,1200
99,3,1,1205
95,3,1,1210
94,3,1,1215
99,3,1,1220
107,3,1,1225
99,3,1,1230
98,3,1,1235
97,3,1,1240
93,3,1,1245
79,3,1,1250
79,3,1,1255
110,3,1,1300
94,3,1,1305
101,3,1,1310
108,3,1,1315
92,3,1,1320
95,3,1,1325
102,3,1,1330
90,3,1,1335
104,3,1,1340
102,3,1,1345
96,3,1,1350
107,3,1,1355
77,3,1,1400
90,3,1,1405
103,3,1,1410
96,3,1,1415
117,3,1,1420
121,3,1,1425
106,3,1,1430
96,3,1,1435
102,3,1,1440
103,3,1,1445
112,3,1,1450
104,3,1,1455
97,3,1,1500
87,3,1,1505
104,3,1,1510
96,3,1,1515
110,3,1,1520
113,3,1,1525
107,3,1,1530
98,3,1,1535
109,3,1,1540
109,3,1,1545
132,3,1,1550
107,3,1,1555
97,3,1,1600
90,3,1,1605
83,3,1,1610
77,3,1,1615
83,3,1,1620
93,3,1,1625
90,3,1,1630
98,3,1,1635
94,3,1,1640
95,3,1,1645
102,3,1,1650
97,3,1,1655
87,3,1,1700
83,3,1,1705
95,3,1,1710
108,3,1,1715
99,3,1,1720
106,3,1,1725
96,3,1,1730
94,3,1,1735
77,3,1,1740
76,3,1,1745
84,3,1,1750
76,3,1,1755
95,3,1,1800
83,3,1,1805
68,3,1,1810
82,3,1,1815
92,3,1,1820
68,3,1,1825
74,3,1,1830
86,3,1,1835
71,3,1,1840
82,3,1,1845
74,3,1,1850
79,3,1,1855
72,3,1,1900
64,3,1,1905
70,3,1,1910
72,3,1,1915
63,3,1,1920
86,3,1,1925
68,3,1,1930
77,3,1,1935
86,3,1,1940
84,3,1,1945
71,3,1,1950
79,3,1,1955
73,3,1,2000
75,3,1,2005
56,3,1,2010
58,3,1,2015
60,3,1,2020
63,3,1,2025
67,3,1,2030
66,3,1,2035
68,3,1,2040
46,3,1,2045
60,3,1,2050
49,3,1,2055
58,3,1,2100
51,3,1,2105
55,3,1,2110
49,3,1,2115
49,3,1,2120
63,3,1,2125
32,3,1,2130
46,3,1,2135
43,3,1,2140
48,3,1,2145
45,3,1,2150
40,3,1,2155
40,3,1,2200
41,3,1,2205
41,3,1,2210
36,3,1,2215
42,3,1,2220
20,3,1,2225
33,3,1,2230
30,3,1,2235
35,3,1,2240
29,3,1,2245
24,3,1,2250
25,3,1,2255
21,3,1,2300
26,3,1,2305
18,3,1,2310
25,3,1,2315
19,3,1,2320
12,3,1,2325
20,3,1,2330
12,3,1,2335
18,3,1,2340
9,3,1,2345
25,3,1,2350
12,3,1,2355
14,4,1,0
13,4,1,5
9,4,1,10
12,4,1,15
14,4,1,20
7,4,1,25
8,4,1,30
6,4,1,35
9,4,1,40
7,4,1,45
7,4,1,50
7,4,1,55
4,4,1,100
9,4,1,105
5,4,1,110
5,4,1,115
9,4,1,120
4,4,1,125
9,4,1,130
9,4,1,135
5,4,1,140
5,4,1,145
3,4,1,150
2,4,1,155
5,4,1,200
5,4,1,205
7,4,1,210
2,4,1,215
5,4,1,220
4,4,1,225
5,4,1,230
6,4,1,235
6,4,1,240
8,4,1,245
5,4,1,250
5,4,1,255
7,4,1,300
3,4,1,305
3,4,1,310
4,4,1,315
4,4,1,320
7,4,1,325
4,4,1,330
7,4,1,335
11,4,1,340
10,4,1,345
10,4,1,350
5,4,1,355
12,4,1,400
5,4,1,405
16,4,1,410
17,4,1,415
20,4,1,420
13,4,1,425
21,4,1,430
29,4,1,435
38,4,1,440
44,4,1,445
37,4,1,450
41,4,1,455
38,4,1,500
61,4,1,505
68,4,1,510
68,4,1,515
62,4,1,520
69,4,1,525
83,4,1,530
86,4,1,535
100,4,1,540
104,4,1,545
100,4,1,550
107,4,1,555
105,4,1,600
97,4,1,605
110,4,1,610
122,4,1,615
134,4,1,620
158,4,1,625
126,4,1,630
157,4,1,635
167,4,1,640
151,4,1,645
164,4,1,650
136,4,1,655
160,4,1,700
132,4,1,705
125,4,1,710
121,4,1,715
119,4,1,720
106,4,1,725
92,4,1,730
93,4,1,735
83,4,1,740
73,4,1,745
61,4,1,750
84,4,1,755
85,4,1,800
63,4,1,805
71,4,1,810
77,4,1,815
80,4,1,820
88,4,1,825
84,4,1,830
68,4,1,835
84,4,1,840
73,4,1,845
77,4,1,850
61,4,1,855
89,4,1,900
90,4,1,905
95,4,1,910
83,4,1,915
96,4,1,920
116,4,1,925
114,4,1,930
118,4,1,935
111,4,1,940
123,4,1,945
97,4,1,950
113,4,1,955
97,4,1,1000
95,4,1,1005
104,4,1,1010
107,4,1,1015
104,4,1,1020
105,4,1,1025
116,4,1,1030
112,4,1,1035
103,4,1,1040
105,4,1,1045
116,4,1,1050
99,4,1,1055
101,4,1,1100
104,4,1,1105
108,4,1,1110
107,4,1,1115
95,4,1,1120
108,4,1,1125
97,4,1,1130
97,4,1,1135
117,4,1,1140
113,4,1,1145
110,4,1,1150
93,4,1,1155
90,4,1,1200
94,4,1,1205
95,4,1,1210
112,4,1,1215
88,4,1,1220
129,4,1,1225
85,4,1,1230
118,4,1,1235
90,4,1,1240
98,4,1,1245
98,4,1,1250
101,4,1,1255
95,4,1,1300
105,4,1,1305
83,4,1,1310
83,4,1,1315
70,4,1,1320
89,4,1,1325
99,4,1,1330
80,4,1,1335
97,4,1,1340
102,4,1,1345
107,4,1,1350
94,4,1,1355
98,4,1,1400
100,4,1,1405
102,4,1,1410
105,4,1,1415
112,4,1,1420
102,4,1,1425
93,4,1,1430
106,4,1,1435
111,4,1,1440
111,4,1,1445
110,4,1,1450
109,4,1,1455
92,4,1,1500
108,4,1,1505
100,4,1,1510
86,4,1,1515
95,4,1,1520
87,4,1,1525
96,4,1,1530
109,4,1,1535
93,4,1,1540
92,4,1,1545
98,4,1,1550
106,4,1,1555
95,4,1,1600
98,4,1,1605
94,4,1,1610
92,4,1,1615
93,4,1,1620
94,4,1,1625
96,4,1,1630
69,4,1,1635
73,4,1,1640
95,4,1,1645
92,4,1,1650
89,4,1,1655
76,4,1,1700
89,4,1,1705
104,4,1,1710
102,4,1,1715
86,4,1,1720
83,4,1,1725
83,4,1,1730
81,4,1,1735
86,4,1,1740
91,4,1,1745
84,4,1,1750
77,4,1,1755
65,4,1,1800
66,4,1,1805
66,4,1,1810
70,4,1,1815
58,4,1,1820
65,4,1,1825
67,4,1,1830
47,4,1,1835
91,4,1,1840
80,4,1,1845
73,4,1,1850
72,4,1,1855
73,4,1,1900
74,4,1,1905
80,4,1,1910
71,4,1,1915
60,4,1,1920
78,4,1,1925
72,4,1,1930
90,4,1,1935
71,4,1,1940
87,4,1,1945
63,4,1,1950
77,4,1,1955
76,4,1,2000
83,4,1,2005
48,4,1,2010
70,4,1,2015
63,4,1,2020
71,4,1,2025
70,4,1,2030
68,4,1,2035
71,4,1,2040
75,4,1,2045
62,4,1,2050
53,4,1,2055
65,4,1,2100
47,4,1,2105
54,4,1,2110
57,4,1,2115
48,4,1,2120
62,4,1,2125
38,4,1,2130
46,4,1,2135
58,4,1,2140
55,4,1,2145
55,4,1,2150
44,4,1,2155
45,4,1,2200
37,4,1,2205
40,4,1,2210
47,4,1,2215
37,4,1,2220
37,4,1,2225
40,4,1,2230
47,4,1,2235
34,4,1,2240
35,4,1,2245
32,4,1,2250
34,4,1,2255
28,4,1,2300
30,4,1,2305
23,4,1,2310
20,4,1,2315
16,4,1,2320
22,4,1,2325
22,4,1,2330
24,4,1,2335
19,4,1,2340
23,4,1,2345
23,4,1,2350
16,5,1,2355
18,5,1,0
16,5,1,5
16,5,1,10
18,5,1,15
14,5,1,20
14,5,1,25
10,5,1,30
11,5,1,35
4,5,1,40
3,5,1,45
16,5,1,50
8,5,1,55
14,5,1,100
8,5,1,105
8,5,1,110
5,5,1,115
10,5,1,120
9,5,1,125
7,5,1,130
6,5,1,135
5,5,1,140
5,5,1,145
5,5,1,150
11,5,1,155
9,5,1,200
8,5,1,205
4,5,1,210
8,5,1,215
6,5,1,220
4,5,1,225
4,5,1,230
4,5,1,235
8,5,1,240
4,5,1,245
1,5,1,250
11,5,1,255
5,5,1,300
3,5,1,305
5,5,1,310
7,5,1,315
5,5,1,320
8,5,1,325
8,5,1,330
5,5,1,335
6,5,1,340
9,5,1,345
13,5,1,350
11,5,1,355
9,5,1,400
14,5,1,405
11,5,1,410
12,5,1,415
22,5,1,420
13,5,1,425
16,5,1,430
30,5,1,435
33,5,1,440
28,5,1,445
38,5,1,450
37,5,1,455
49,5,1,500
55,5,1,505
41,5,1,510
45,5,1,515
53,5,1,520
58,5,1,525
60,5,1,530
77,5,1,535
76,5,1,540
81,5,1,545
98,5,1,550
87,5,1,555
97,5,1,600
75,5,1,605
97,5,1,610
106,5,1,615
112,5,1,620
117,5,1,625
118,5,1,630
140,5,1,635
127,5,1,640
150,5,1,645
153,5,1,650
147,5,1,655
152,5,1,700
141,5,1,705
143,5,1,710
124,5,1,715
117,5,1,720
121,5,1,725
102,5,1,730
94,5,1,735
94,5,1,740
87,5,1,745
93,5,1,750
95,5,1,755
115,5,1,800
91,5,1,805
86,5,1,810
97,5,1,815
77,5,1,820
91,5,1,825
91,5,1,830
99,5,1,835
93,5,1,840
102,5,1,845
95,5,1,850
101,5,1,855
88,5,1,900
94,5,1,905
92,5,1,910
111,5,1,915
112,5,1,920
94,5,1,925
119,5,1,930
124,5,1,935
130,5,1,940
130,5,1,945
135,5,1,950
96,5,1,955
93,5,1,1000
104,5,1,1005
98,5,1,1010
115,5,1,1015
130,5,1,1020
123,5,1,1025
115,5,1,1030
117,5,1,1035
122,5,1,1040
95,5,1,1045
124,5,1,1050
115,5,1,1055
94,5,1,1100
104,5,1,1105
132,5,1,1110
114,5,1,1115
95,5,1,1120
108,5,1,1125
92,5,1,1130
102,5,1,1135
109,5,1,1140
115,5,1,1145
110,5,1,1150
95,5,1,1155
108,5,1,1200
90,5,1,1205
104,5,1,1210
102,5,1,1215
108,5,1,1220
96,5,1,1225
114,5,1,1230
99,5,1,1235
99,5,1,1240
100,5,1,1245
87,5,1,1250
82,5,1,1255
86,5,1,1300
99,5,1,1305
93,5,1,1310
95,5,1,1315
97,5,1,1320
111,5,1,1325
101,5,1,1330
112,5,1,1335
111,5,1,1340
124,5,1,1345
130,5,1,1350
107,5,1,1355
92,5,1,1400
104,5,1,1405
107,5,1,1410
110,5,1,1415
98,5,1,1420
103,5,1,1425
100,5,1,1430
105,5,1,1435
107,5,1,1440
116,5,1,1445
111,5,1,1450
100,5,1,1455
90,5,1,1500
87,5,1,1505
92,5,1,1510
95,5,1,1515
103,5,1,1520
91,5,1,1525
101,5,1,1530
98,5,1,1535
95,5,1,1540
106,5,1,1545
99,5,1,1550
91,5,1,1555
86,5,1,1600
91,5,1,1605
84,5,1,1610
82,5,1,1615
98,5,1,1620
91,5,1,1625
79,5,1,1630
77,5,1,1635
86,5,1,1640
91,5,1,1645
91,5,1,1650
93,5,1,1655
90,5,1,1700
90,5,1,1705
99,5,1,1710
93,5,1,1715
102,5,1,1720
95,5,1,1725
76,5,1,1730
83,5,1,1735
80,5,1,1740
96,5,1,1745
75,5,1,1750
70,5,1,1755
84,5,1,1800
79,5,1,1805
85,5,1,1810
85,5,1,1815
103,5,1,1820
98,5,1,1825
76,5,1,1830
81,5,1,1835
77,5,1,1840
72,5,1,1845
79,5,1,1850
84,5,1,1855
77,5,1,1900
86,5,1,1905
82,5,1,1910
79,5,1,1915
92,5,1,1920
92,5,1,1925
92,5,1,1930
101,5,1,1935
76,5,1,1940
82,5,1,1945
70,5,1,1950
98,5,1,1955
100,5,1,2000
92,5,1,2005
70,5,1,2010
81,5,1,2015
77,5,1,2020
76,5,1,2025
70,5,1,2030
93,5,1,2035
77,5,1,2040
68,5,1,2045
71,5,1,2050
59,5,1,2055
54,5,1,2100
38,5,1,2105
69,5,1,2110
68,5,1,2115
61,5,1,2120
73,5,1,2125
69,5,1,2130
73,5,1,2135
62,5,1,2140
49,5,1,2145
69,5,1,2150
50,5,1,2155
56,5,1,2200
44,5,1,2205
48,5,1,2210
51,5,1,2215
48,5,1,2220
43,5,1,2225
39,5,1,2230
44,5,1,2235
33,5,1,2240
23,5,1,2245
39,5,1,2250
32,5,1,2255
32,5,1,2300
35,5,1,2305
33,5,1,2310
26,5,1,2315
37,5,1,2320
35,5,1,2325
26,5,1,2330
19,5,1,2335
26,5,1,2340
25,5,1,2345
30,5,1,2350
22,1,1,2355
22,1,1,0
19,1,1,5
10,1,1,10
18,1,1,15
15,1,1,20
16,1,1,25
23,1,1,30
17,1,1,35
12,1,1,40
10,1,1,45
10,1,1,50
7,1,1,55
14,1,1,100
7,1,1,105
12,1,1,110
10,1,1,115
7,1,1,120
17,1,1,125
5,1,1,130
7,1,1,135
11,1,1,140
10,1,1,145
7,1,1,150
7,1,1,155
7,1,1,200
10,1,1,205
6,1,1,210
4,1,1,215
2,1,1,220
9,1,1,225
9,1,1,230
7,1,1,235
11,1,1,240
4,1,1,245
13,1,1,250
6,1,1,255
9,1,1,300
8,1,1,305
7,1,1,310
7,1,1,315
7,1,1,320
7,1,1,325
17,1,1,330
9,1,1,335
11,1,1,340
10,1,1,345
12,1,1,350
6,1,1,355
7,1,1,400
15,1,1,405
20,1,1,410
15,1,1,415
18,1,1,420
19,1,1,425
24,1,1,430
27,1,1,435
32,1,1,440
45,1,1,445
59,1,1,450
43,1,1,455
58,1,1,500
63,1,1,505
74,1,1,510
67,1,1,515
64,1,1,520
76,1,1,525
99,1,1,530
93,1,1,535
76,1,1,540
133,1,1,545
113,1,1,550
99,1,1,555
113,1,1,600
99,1,1,605
114,1,1,610
148,1,1,615
148,1,1,620
137,1,1,625
150,1,1,630
158,1,1,635
162,1,1,640
168,1,1,645
156,1,1,650
149,1,1,655
171,1,1,700
141,1,1,705
130,1,1,710
106,1,1,715
119,1,1,720
112,1,1,725
88,1,1,730
93,1,1,735
79,1,1,740
80,1,1,745
77,1,1,750
88,1,1,755
85,1,1,800
74,1,1,805
80,1,1,810
87,1,1,815
90,1,1,820
88,1,1,825
88,1,1,830
78,1,1,835
83,1,1,840
84,1,1,845
72,1,1,850
65,1,1,855
70,1,1,900
89,1,1,905
86,1,1,910
107,1,1,915
102,1,1,920
112,1,1,925
107,1,1,930
131,1,1,935
104,1,1,940
98,1,1,945
97,1,1,950
101,1,1,955
112,1,1,1000
90,1,1,1005
109,1,1,1010
103,1,1,1015
116,1,1,1020
118,1,1,1025
90,1,1,1030
99,1,1,1035
88,1,1,1040
105,1,1,1045
102,1,1,1050
93,1,1,1055
95,1,1,1100
92,1,1,1105
115,1,1,1110
107,1,1,1115
88,1,1,1120
102,1,1,1125
118,1,1,1130
92,1,1,1135
122,1,1,1140
115,1,1,1145
104,1,1,1150
66,1,1,1155
84,1,1,1200
95,1,1,1205
92,1,1,1210
100,1,1,1215
106,1,1,1220
105,1,1,1225
95,1,1,1230
87,1,1,1235
96,1,1,1240
113,1,1,1245
105,1,1,1250
107,1,1,1255
92,1,1,1300
96,1,1,1305
90,1,1,1310
110,1,1,1315
98,1,1,1320
90,1,1,1325
103,1,1,1330
112,1,1,1335
88,1,1,1340
104,1,1,1345
92,1,1,1350
84,1,1,1355
80,1,1,1400
97,1,1,1405
86,1,1,1410
122,1,1,1415
88,1,1,1420
93,1,1,1425
92,1,1,1430
112,1,1,1435
121,1,1,1440
129,1,1,1445
110,1,1,1450
111,1,1,1455
94,1,1,1500
99,1,1,1505
100,1,1,1510
116,1,1,1515
99,1,1,1520
91,1,1,1525
91,1,1,1530
93,1,1,1535
102,1,1,1540
101,1,1,1545
102,1,1,1550
88,1,1,1555
116,1,1,1600
91,1,1,1605
87,1,1,1610
84,1,1,1615
82,1,1,1620
79,1,1,1625
80,1,1,1630
83,1,1,1635
80,1,1,1640
86,1,1,1645
74,1,1,1650
71,1,1,1655
74,1,1,1700
70,1,1,1705
85,1,1,1710
100,1,1,1715
103,1,1,1720
91,1,1,1725
71,1,1,1730
77,1,1,1735
85,1,1,1740
95,1,1,1745
77,1,1,1750
74,1,1,1755
81,1,1,1800
76,1,1,1805
71,1,1,1810
79,1,1,1815
74,1,1,1820
71,1,1,1825
80,1,1,1830
82,1,1,1835
74,1,1,1840
77,1,1,1845
85,1,1,1850
68,1,1,1855
66,1,1,1900
66,1,1,1905
67,1,1,1910
86,1,1,1915
78,1,1,1920
61,1,1,1925
56,1,1,1930
67,1,1,1935
65,1,1,1940
71,1,1,1945
61,1,1,1950
55,1,1,1955
65,1,1,2000
53,1,1,2005
70,1,1,2010
51,1,1,2015
59,1,1,2020
72,1,1,2025
63,1,1,2030
59,1,1,2035
50,1,1,2040
41,1,1,2045
48,1,1,2050
38,1,1,2055
54,1,1,2100
41,1,1,2105
60,1,1,2110
51,1,1,2115
43,1,1,2120
53,1,1,2125
58,1,1,2130
48,1,1,2135
45,1,1,2140
39,1,1,2145
41,1,1,2150
28,1,1,2155
33,1,1,2200
43,1,1,2205
24,1,1,2210
32,1,1,2215
43,1,1,2220
35,1,1,2225
32,1,1,2230
28,1,1,2235
26,1,1,2240
26,1,1,2245
26,1,1,2250
21,1,1,2255
23,1,1,2300
17,1,1,2305
15,1,1,2310
18,1,1,2315
16,1,1,2320
14,1,1,2325
17,1,1,2330
16,1,1,2335
8,1,1,2340
17,1,1,2345
17,1,1,2350
14,1,1,2355
22,1,1,0
18,1,1,5
16,1,1,10
17,1,1,15
16,1,1,20
16,1,1,25
12,1,1,30
10,1,1,35
12,1,1,40
19,1,1,45
11,1,1,50
11,1,1,55
8,1,1,100
8,1,1,105
4,1,1,110
10,1,1,115
4,1,1,120
10,1,1,125
10,1,1,130
7,1,1,135
4,1,1,140
9,1,1,145
7,1,1,150
2,1,1,155
12,1,1,200
5,1,1,205
11,1,1,210
6,1,1,215
5,1,1,220
4,1,1,225
6,1,1,230
1,1,1,235
8,1,1,240
1,1,1,245
6,1,1,250
8,1,1,255
7,1,1,300
4,1,1,305
7,1,1,310
9,1,1,315
11,1,1,320
7,1,1,325
9,1,1,330
14,1,1,335
9,1,1,340
12,1,1,345
10,1,1,350
9,1,1,355
8,1,1,400
17,1,1,405
18,1,1,410
23,1,1,415
17,1,1,420
24,1,1,425
28,1,1,430
40,1,1,435
36,1,1,440
45,1,1,445
60,1,1,450
49,1,1,455
56,1,1,500
60,1,1,505
58,1,1,510
84,1,1,515
69,1,1,520
76,1,1,525
76,1,1,530
91,1,1,535
100,1,1,540
103,1,1,545
102,1,1,550
96,1,1,555
130,1,1,600
119,1,1,605
101,1,1,610
116,1,1,615
128,1,1,620
128,1,1,625
144,1,1,630
145,1,1,635
133,1,1,640
146,1,1,645
137,1,1,650
128,1,1,655
127,1,1,700
129,1,1,705
113,1,1,710
94,1,1,715
83,1,1,720
93,1,1,725
95,1,1,730
83,1,1,735
85,1,1,740
71,1,1,745
60,1,1,750
57,1,1,755
73,1,1,800
66,1,1,805
61,1,1,810
70,1,1,815
61,1,1,820
71,1,1,825
62,1,1,830
71,1,1,835
77,1,1,840
64,1,1,845
77,1,1,850
81,1,1,855
73,1,1,900
88,1,1,905
97,1,1,910
85,1,1,915
126,1,1,920
101,1,1,925
98,1,1,930
129,1,1,935
103,1,1,940
95,1,1,945
101,1,1,950
111,1,1,955
101,1,1,1000
115,1,1,1005
101,1,1,1010
118,1,1,1015
116,1,1,1020
101,1,1,1025
117,1,1,1030
115,1,1,1035
121,1,1,1040
100,1,1,1045
114,1,1,1050
107,1,1,1055
112,1,1,1100
100,1,1,1105
103,1,1,1110
108,1,1,1115
104,1,1,1120
105,1,1,1125
123,1,1,1130
87,1,1,1135
107,1,1,1140
100,1,1,1145
110,1,1,1150
92,1,1,1155
106,1,1,1200
104,1,1,1205
98,1,1,1210
92,1,1,1215
98,1,1,1220
103,1,1,1225
98,1,1,1230
94,1,1,1235
90,1,1,1240
97,1,1,1245
88,1,1,1250
98,1,1,1255
97,1,1,1300
106,1,1,1305
80,1,1,1310
109,1,1,1315
102,1,1,1320
90,1,1,1325
79,1,1,1330
94,1,1,1335
96,1,1,1340
88,1,1,1345
91,1,1,1350
94,1,1,1355
90,1,1,1400
91,1,1,1405
84,1,1,1410
122,1,1,1415
104,1,1,1420
103,1,1,1425
91,1,1,1430
108,1,1,1435
109,1,1,1440
114,1,1,1445
102,1,1,1450
79,1,1,1455
94,1,1,1500
91,1,1,1505
111,1,1,1510
104,1,1,1515
93,1,1,1520
110,1,1,1525
78,1,1,1530
92,1,1,1535
112,1,1,1540
97,1,1,1545
95,1,1,1550
89,1,1,1555
88,1,1,1600
93,1,1,1605
81,1,1,1610
105,1,1,1615
106,1,1,1620
100,1,1,1625
74,1,1,1630
78,1,1,1635
103,1,1,1640
84,1,1,1645
94,1,1,1650
80,1,1,1655
94,1,1,1700
91,1,1,1705
117,1,1,1710
107,1,1,1715
112,1,1,1720
98,1,1,1725
71,1,1,1730
89,1,1,1735
82,1,1,1740
85,1,1,1745
79,1,1,1750
90,1,1,1755
60,1,1,1800
76,1,1,1805
87,1,1,1810
70,1,1,1815
77,1,1,1820
87,1,1,1825
67,1,1,1830
68,1,1,1835
75,1,1,1840
67,1,1,1845
72,1,1,1850
56,1,1,1855
63,1,1,1900
65,1,1,1905
73,1,1,1910
62,1,1,1915
73,1,1,1920
60,1,1,1925
71,1,1,1930
60,1,1,1935
61,1,1,1940
63,1,1,1945
72,1,1,1950
57,1,1,1955
55,1,1,2000
61,1,1,2005
53,1,1,2010
57,1,1,2015
49,1,1,2020
54,1,1,2025
68,1,1,2030
48,1,1,2035
48,1,1,2040
53,1,1,2045
47,1,1,2050
36,1,1,2055
52,1,1,2100
51,1,1,2105
69,1,1,2110
57,1,1,2115
44,1,1,2120
44,1,1,2125
44,1,1,2130
55,1,1,2135
46,1,1,2140
37,1,1,2145
34,1,1,2150
36,1,1,2155
31,1,1,2200
32,1,1,2205
37,1,1,2210
33,1,1,2215
34,1,1,2220
23,1,1,2225
36,1,1,2230
28,1,1,2235
18,1,1,2240
24,1,1,2245
17,1,1,2250
16,1,1,2255
15,1,1,2300
16,1,1,2305
15,1,1,2310
24,1,1,2315
17,1,1,2320
14,1,1,2325
22,1,1,2330
12,1,1,2335
15,1,1,2340
23,1,1,2345
13,1,1,2350
12,3,1,2355
8,3,1,0
9,3,1,5
6,3,1,10
19,3,1,15
9,3,1,20
10,3,1,25
13,3,1,30
7,3,1,35
10,3,1,40
5,3,1,45
3,3,1,50
7,3,1,55
4,3,1,100
6,3,1,105
3,3,1,110
8,3,1,115
4,3,1,120
5,3,1,125
4,3,1,130
6,3,1,135
4,3,1,140
2,3,1,145
2,3,1,150
7,3,1,155
3,3,1,200
6,3,1,205
3,3,1,210
2,3,1,215
4,3,1,220
4,3,1,225
11,3,1,230
12,3,1,235
9,3,1,240
1,3,1,245
6,3,1,250
4,3,1,255
5,3,1,300
1,3,1,305
6,3,1,310
7,3,1,315
5,3,1,320
5,3,1,325
7,3,1,330
8,3,1,335
7,3,1,340
9,3,1,345
13,3,1,350
9,3,1,355
10,3,1,400
9,3,1,405
17,3,1,410
8,3,1,415
10,3,1,420
22,3,1,425
22,3,1,430
26,3,1,435
38,3,1,440
36,3,1,445
32,3,1,450
38,3,1,455
42,3,1,500
41,3,1,505
53,3,1,510
65,3,1,515
62,3,1,520
49,3,1,525
70,3,1,530
98,3,1,535
99,3,1,540
97,3,1,545
96,3,1,550
93,3,1,555
93,3,1,600
107,3,1,605
103,3,1,610
127,3,1,615
134,3,1,620
142,3,1,625
137,3,1,630
149,3,1,635
171,3,1,640
171,3,1,645
167,3,1,650
166,3,1,655
169,3,1,700
126,3,1,705
123,3,1,710
113,3,1,715
128,3,1,720
105,3,1,725
107,3,1,730
73,3,1,735
93,3,1,740
92,3,1,745
92,3,1,750
91,3,1,755
95,3,1,800
84,3,1,805
88,3,1,810
93,3,1,815
80,3,1,820
99,3,1,825
104,3,1,830
94,3,1,835
73,3,1,840
91,3,1,845
85,3,1,850
83,3,1,855
86,3,1,900
102,3,1,905
84,3,1,910
116,3,1,915
127,3,1,920
116,3,1,925
129,3,1,930
114,3,1,935
109,3,1,940
114,3,1,945
117,3,1,950
126,3,1,955
91,3,1,1000
109,3,1,1005
103,3,1,1010
117,3,1,1015
103,3,1,1020
101,3,1,1025
124,3,1,1030
103,3,1,1035
111,3,1,1040
99,3,1,1045
102,3,1,1050
97,3,1,1055
110,3,1,1100
110,3,1,1105
120,3,1,1110
110,3,1,1115
108,3,1,1120
94,3,1,1125
100,3,1,1130
100,3,1,1135
106,3,1,1140
88,3,1,1145
96,3,1,1150
88,3,1,1155
98,3,1,1200
81,3,1,1205
91,3,1,1210
86,3,1,1215
92,3,1,1220
106,3,1,1225
75,3,1,1230
94,3,1,1235
112,3,1,1240
86,3,1,1245
97,3,1,1250
85,3,1,1255
91,3,1,1300
88,3,1,1305
82,3,1,1310
116,3,1,1315
94,3,1,1320
97,3,1,1325
109,3,1,1330
112,3,1,1335
98,3,1,1340
111,3,1,1345
110,3,1,1350
100,3,1,1355
104,3,1,1400
110,3,1,1405
103,3,1,1410
86,3,1,1415
86,3,1,1420
92,3,1,1425
98,3,1,1430
99,3,1,1435
112,3,1,1440
116,3,1,1445
84,3,1,1450
95,3,1,1455
98,3,1,1500
90,3,1,1505
95,3,1,1510
96,3,1,1515
121,3,1,1520
93,3,1,1525
106,3,1,1530
110,3,1,1535
110,3,1,1540
115,3,1,1545
94,3,1,1550
99,3,1,1555
95,3,1,1600
91,3,1,1605
93,3,1,1610
115,3,1,1615
99,3,1,1620
99,3,1,1625
77,3,1,1630
98,3,1,1635
88,3,1,1640
104,3,1,1645
102,3,1,1650
100,3,1,1655
91,3,1,1700
92,3,1,1705
95,3,1,1710
111,3,1,1715
102,3,1,1720
99,3,1,1725
96,3,1,1730
95,3,1,1735
85,3,1,1740
91,3,1,1745
97,3,1,1750
62,3,1,1755
72,3,1,1800
67,3,1,1805
75,3,1,1810
89,3,1,1815
78,3,1,1820
77,3,1,1825
70,3,1,1830
87,3,1,1835
88,3,1,1840
84,3,1,1845
86,3,1,1850
87,3,1,1855
78,3,1,1900
69,3,1,1905
79,3,1,1910
70,3,1,1915
65,3,1,1920
72,3,1,1925
76,3,1,1930
69,3,1,1935
81,3,1,1940
74,3,1,1945
69,3,1,1950
71,3,1,1955
54,3,1,2000
62,3,1,2005
43,3,1,2010
57,3,1,2015
72,3,1,2020
67,3,1,2025
59,3,1,2030
55,3,1,2035
59,3,1,2040
47,3,1,2045
49,3,1,2050
52,3,1,2055
49,3,1,2100
45,3,1,2105
48,3,1,2110
65,3,1,2115
52,3,1,2120
45,3,1,2125
49,3,1,2130
45,3,1,2135
49,3,1,2140
43,3,1,2145
39,3,1,2150
45,3,1,2155
32,3,1,2200
45,3,1,2205
39,3,1,2210
37,3,1,2215
37,3,1,2220
32,3,1,2225
33,3,1,2230
27,3,1,2235
22,3,1,2240
29,3,1,2245
26,3,1,2250
25,3,1,2255
23,3,1,2300
17,3,1,2305
22,3,1,2310
18,3,1,2315
13,3,1,2320
21,3,1,2325
16,3,1,2330
18,3,1,2335
14,3,1,2340
18,3,1,2345
19,3,1,2350
13,4,1,2355
11,4,1,0
17,4,1,5
14,4,1,10
15,4,1,15
5,4,1,20
14,4,1,25
10,4,1,30
7,4,1,35
13,4,1,40
10,4,1,45
10,4,1,50
10,4,1,55
10,4,1,100
5,4,1,105
7,4,1,110
7,4,1,115
9,4,1,120
5,4,1,125
7,4,1,130
7,4,1,135
10,4,1,140
9,4,1,145
4,4,1,150
3,4,1,155
3,4,1,200
5,4,1,205
4,4,1,210
7,4,1,215
2,4,1,220
5,4,1,225
5,4,1,230
4,4,1,235
5,4,1,240
7,4,1,245
9,4,1,250
3,4,1,255
4,4,1,300
2,4,1,305
4,4,1,310
1,4,1,315
6,4,1,320
6,4,1,325
7,4,1,330
10,4,1,335
7,4,1,340
10,4,1,345
10,4,1,350
6,4,1,355
8,4,1,400
10,4,1,405
13,4,1,410
10,4,1,415
18,4,1,420
25,4,1,425
15,4,1,430
26,4,1,435
32,4,1,440
37,4,1,445
32,4,1,450
39,4,1,455
47,4,1,500
50,4,1,505
48,4,1,510
84,4,1,515
55,4,1,520
76,4,1,525
78,4,1,530
79,4,1,535
95,4,1,540
96,4,1,545
90,4,1,550
94,4,1,555
92,4,1,600
102,4,1,605
106,4,1,610
140,4,1,615
129,4,1,620
137,4,1,625
157,4,1,630
151,4,1,635
152,4,1,640
166,4,1,645
167,4,1,650
147,4,1,655
164,4,1,700
133,4,1,705
127,4,1,710
119,4,1,715
123,4,1,720
127,4,1,725
94,4,1,730
98,4,1,735
86,4,1,740
79,4,1,745
93,4,1,750
86,4,1,755
93,4,1,800
108,4,1,805
89,4,1,810
78,4,1,815
96,4,1,820
80,4,1,825
99,4,1,830
94,4,1,835
82,4,1,840
91,4,1,845
103,4,1,850
90,4,1,855
101,4,1,900
104,4,1,905
107,4,1,910
109,4,1,915
105,4,1,920
114,4,1,925
111,4,1,930
115,4,1,935
112,4,1,940
105,4,1,945
124,4,1,950
114,4,1,955
118,4,1,1000
109,4,1,1005
99,4,1,1010
125,4,1,1015
119,4,1,1020
120,4,1,1025
111,4,1,1030
105,4,1,1035
108,4,1,1040
115,4,1,1045
118,4,1,1050
109,4,1,1055
112,4,1,1100
102,4,1,1105
107,4,1,1110
86,4,1,1115
106,4,1,1120
114,4,1,1125
98,4,1,1130
98,4,1,1135
98,4,1,1140
104,4,1,1145
94,4,1,1150
114,4,1,1155
104,4,1,1200
98,4,1,1205
103,4,1,1210
110,4,1,1215
108,4,1,1220
112,4,1,1225
103,4,1,1230
103,4,1,1235
98,4,1,1240
92,4,1,1245
103,4,1,1250
97,4,1,1255
118,4,1,1300
118,4,1,1305
100,4,1,1310
109,4,1,1315
105,4,1,1320
92,4,1,1325
86,4,1,1330
88,4,1,1335
109,4,1,1340
101,4,1,1345
100,4,1,1350
108,4,1,1355
111,4,1,1400
100,4,1,1405
104,4,1,1410
100,4,1,1415
99,4,1,1420
108,4,1,1425
109,4,1,1430
102,4,1,1435
108,4,1,1440
112,4,1,1445
98,4,1,1450
107,4,1,1455
99,4,1,1500
115,4,1,1505
95,4,1,1510
96,4,1,1515
110,4,1,1520
90,4,1,1525
109,4,1,1530
102,4,1,1535
116,4,1,1540
114,4,1,1545
96,4,1,1550
89,4,1,1555
117,4,1,1600
81,4,1,1605
88,4,1,1610
101,4,1,1615
87,4,1,1620
75,4,1,1625
86,4,1,1630
82,4,1,1635
89,4,1,1640
92,4,1,1645
97,4,1,1650
94,4,1,1655
84,4,1,1700
87,4,1,1705
101,4,1,1710
108,4,1,1715
107,4,1,1720
102,4,1,1725
92,4,1,1730
87,4,1,1735
90,4,1,1740
88,4,1,1745
93,4,1,1750
82,4,1,1755
79,4,1,1800
74,4,1,1805
74,4,1,1810
89,4,1,1815
80,4,1,1820
67,4,1,1825
77,4,1,1830
73,4,1,1835
83,4,1,1840
68,4,1,1845
84,4,1,1850
56,4,1,1855
90,4,1,1900
72,4,1,1905
84,4,1,1910
84,4,1,1915
75,4,1,1920
59,4,1,1925
69,4,1,1930
80,4,1,1935
99,4,1,1940
65,4,1,1945
82,4,1,1950
86,4,1,1955
89,4,1,2000
73,4,1,2005
82,4,1,2010
65,4,1,2015
62,4,1,2020
71,4,1,2025
70,4,1,2030
55,4,1,2035
65,4,1,2040
70,4,1,2045
56,4,1,2050
64,4,1,2055
49,4,1,2100
55,4,1,2105
53,4,1,2110
69,4,1,2115
53,4,1,2120
68,4,1,2125
55,4,1,2130
56,4,1,2135
63,4,1,2140
51,4,1,2145
46,4,1,2150
51,4,1,2155
49,4,1,2200
44,4,1,2205
56,4,1,2210
59,4,1,2215
53,4,1,2220
43,4,1,2225
33,4,1,2230
22,4,1,2235
30,4,1,2240
29,4,1,2245
26,4,1,2250
27,4,1,2255
24,4,1,2300
23,4,1,2305
25,4,1,2310
18,4,1,2315
18,4,1,2320
20,4,1,2325
20,4,1,2330
23,4,1,2335
21,4,1,2340
21,4,1,2345
23,4,1,2350
14,4,1,2355